coffee,camera,coins,page
23.489296596931162,19.965624168561163,21.859158325558006,22.353787118471764
22.866761347079997,22.33060007447387,22.776192890892617,23.7974068031443
15.385661779917285,17.80619179756307,16.627273200818845,16.235098339859764











